model,engine,prompt_idx,prompt,reference,generated,rouge_1,rouge_l,bleu_1,bleu_4,bert_score,task_accuracy,semantic_similarity
awq,sglang,0,"generate an analyze level question: DEVELOPMENT OF CHEMISTRY Chemistry, as we understand it today, is not a very old discipline. Chemistry was not studied for its own sake, rather it came up as a result of search for two interesting things: i. Philosopher’s stone (Paras) which would convert all baser metals e.g., iron and copper into gold. ii. ‘Elixir of life’ which would grant immortality. People in ancient India, already had the knowledge of many scientific phenomenon much before the advent of modern science. They applied that knowledge in various walks of life. Chemistry developed mainly in the form of Alchemy and Iatrochemistry during 1300-1600 CE. Modern chemistry took shape in the 18th century Europe, after a few centuries of alchemical traditions which were introduced in Europe by the Arabs.","[ANALYZE] What patterns can you identify from the fact that philosopher’s stone (paras) which would convert all baser metals e.g., iron and copper into gold?",[ANALYZE] What is the relationship between the factors described in the context?,0.16216216216216217,0.15384615384615383,0.07162619921504752,0.042099319267586324,0.10743345862273747,1.0
awq,sglang,1,"generate a level 3 question testing analytical thinking: The female gametophytes in these plants are retained on the parent sporophytes for variable periods. The development of the zygotes into young embryos take place within the female gametophytes. This event is a precursor to the seed habit considered an important step in evolution. The pteridophytes are further classified into four classes: Psilopsida (Psilotum); Lycopsida (Selaginella, Lycopodium), Sphenopsida (Equisetum) and Pteropsida (Dryopteris, Pteris, Adiantum). 3.4 GYMNOSPERMS The gymnosperms (gymnos : naked, sperma : seeds) are plants in which the ovules are not enclosed by any ovary wall and remain exposed, both before and after fertilisation. The seeds that develop post-fertilisation, are not covered, i.e., are naked. Gymnosperms include medium-sized trees or tall trees and shrubs ().","[ANALYZE] The heterosporous pteridophytes show certain characteristics, which
are precursor to the seed habit in gymnosperms. Explain.","[ANALYZE] What is the relationship between the factors described in the phrase 'The seeds that develop post-fertilisation, are not covered, i.e., are naked'?",0.2162162162162162,0.19047619047619052,0.2,0.06394766688900896,0.1676600183953539,1.0
awq,sglang,2,"create a question requiring evaluation or design from: For this reason, it is also known as the free energy of the reaction. ∆G gives a criteria for spontaneity at constant pressure and temperature. (i) If ∆G is negative (< 0), the process is spontaneous. (ii) If ∆G is positive (> 0), the process is non spontaneous. Note : If a reaction has a positive enthalpy change and positive entropy change, it can be spontaneous when T∆S is large enough to outweigh ∆H. This can happen in two ways; (a) The positive entropy change of the system can be ‘small’ in which case T must be large. (b) The positive entropy change of the system can be ‘large’, in which case T may be small. The former is one of the reasons why reactions are often carried out at high temperature. summarises the effect of temperature on spontaneity of reactions.","[EVALUATE & CREATE] If '∆G gives a criteria for spontaneity at constant pressure and' were not true, what consequences would follow? Justify your reasoning.",[EVALUATE & CREATE] Evaluate the significance of the fact that ∆G gives a criteria for spontaneity at constant pressure and temperature in the context of this topic.,0.5333333333333332,0.4897959183673469,0.46153846153846156,0.39540762763775095,0.4700188352192232,1.0
awq,sglang,3,"generate an evaluate and create level question: shows stress-strain curve for the estic tissue of aorta, present in the heart. Note that although estic region is very rge, the material does not obey Hooke’s w over most of the region. Secondly, there is no well defined pstic region. Substances like tissue of aorta, rubber etc. which can be stretched to cause rge strains are called estomers. 8.5 ESTIC MODULI The proportional region within the estic limit of the stress-strain curve (region OA in ) is of great importance for structural and manufacturing engineering designs. The ratio of stress and strain, called modulus of esticity, is found to be a characteristic of the material. 8.5.1 Young’s Modulus Experimental observation show that for a given material, the magnitude of the strain produced is me whether the stress is tensile or compressive.","[EVALUATE & CREATE] If 'which can be stretched to cause rge strains are called estom' were not true, what consequences would follow? Justify your reasoning.","[EVALUATE & CREATE] Evaluate the significance of the fact that the ratio of stress and strain, called modulus of esticity, is found to be a characteristic of the material in the context of this topic.",0.20408163265306126,0.10344827586206896,0.14705882352941177,0.05558947744927454,0.12754455237345413,1.0
awq,sglang,4,"generate a level 3 question testing analytical thinking: What then is the process by which organisms can carry out complete oxidation of glucose and extract the energy stored to Major pathways of anaerobic respiration 158 synthesise a larger number of ATP molecules needed for cellular metabolism? In eukaryotes these steps take place within the mitochondria and this requires O2. Aerobic respiration is the process that leads to a complete oxidation of organic substances in the presence of oxygen, and releases CO2, water and a large amount of energy present in the substrate. This type of respiration is most common in higher organisms. We will look at these processes in the next section.","[ANALYZE] Oxygen is an essential requirement for aerobic respiration but it enters
the respiratory process at the end? Discuss.",[ANALYZE] Compare and contrast the key concepts and ideas presented in the following sentence: In eukaryotes these steps take place within the mitochondria and this requires O2.,0.09999999999999999,0.13043478260869565,0.1111111111111111,0.053414136238197775,0.09874000748950114,1.0
awq,sglang,5,"create a recall or comprehension question from: Matter consists of indivisible atoms. 2. All atoms of a given element have identical properties, including identical mass. Atoms of different elements differ in mass. 3. Compounds are formed when atoms of different elements combine in a fixed ratio. 4. Chemical reactions involve reorganisation of atoms. These are neither created nor destroyed in a chemical reaction. Dalton’s theory could explain the laws of chemical combination. However, it could not explain the laws of gaseous volumes. It could not provide the reason for combining of atoms, which was answered later by other scientists. 1.7 Atomic and Molecular Masses After having some idea about the terms atoms and molecules, it is appropriate here to understand what do we mean by atomic and molecular masses.","[REMEMBER & UNDERSTAND] One of the statements of Dalton’s atomic theory is given below: “Compounds are formed when atoms of different elements combine in a fixed ratio” Which of the following laws is not related to this statement?
(i) Law of conservation of mass
(ii) Law of definite proportions
(iii) Law of multiple proportions
(iv) Avogadro law","[GENERIC PART] generate a question that needs evaluation: 1.7 Atomic and Molecular Masses After having some idea about the terms atoms and molecules, it is appropriate here to understand what do we mean by atomic and molecular masses. The mass of an atom of an element is the mass of that atom in grams. The mass of a molecule is the sum of the masses of the atoms in the molecule. The atomic mass of an element is the average mass of the atoms of that element taken in all their natural abundance. The molecular mass of a molecule is the sum of the masses of the atoms in the molecule taken in all their",0.2150537634408602,0.17341040462427743,0.16379310344827586,0.025894698638573573,0.14453799253799676,0.0
awq,sglang,6,generate a remember and understand level question: 4.27 Draw diagrams showing the formation of a double bond and a triple bond between carbon atoms in C2H4 and C2H2 molecules. 4.28 What is the total number of sigma and pi bonds in the following molecules? (a) C2H2 (b) C2H4 4.29 Considering x-axis as the internuclear axis which out of the following will not form a sigma bond and why? (a) 1s and 1s (b) 1s and 2px; (c) 2py and 2py (d) 1s and 2s. 4.30 Which hybrid orbitals are used by carbon atoms in the following molecules? CH3–CH3; (b) CH3–CH=CH2; (c) CH3-CH2-OH; (d) CH3-CHO (e) CH3COOH 4.31 What do you understand by bond pairs and lone pairs of electrons? Illustrate by giving one exmaple of each type. 4.32 Distinguish between a sigma and a pi bond. 4.33 Explain the formation of H2 molecule on the basis of valence bond theory.,"[REMEMBER & UNDERSTAND] In which of the following molecule/ion all the bonds are not equal?
(i) XeF4
(ii) BF4 –
(iii) C2H4
(iv) SiF4",[ASSISTANT GENERATE ANCHOR QUESTION] What is the total number of sigma and pi bonds in the following molecules? (a) C2H2 (b) C2H4,0.2790697674418604,0.17777777777777776,0.30404278426718134,0.08901011980535782,0.2124751123230443,0.0
awq,sglang,7,"generate a level 4 question testing critical and creative thinking: The commonly used property is variation of the volume of a liquid with temperature. For example, in common liquid–in–gss thermometers, mercury, alcohol etc., are used whose volume varies linearly with temperature over a wide range. Thermometers are calibrated so that a numerical value may be assigned to a given temperature in an appropriate scale. For the definition of any standard scale, two fixed reference points are needed. Since all substances change dimensions with temperature, an absolute reference for expansion is not avaible. However, the necesry fixed points may be correted to the physical phenomena that always occur at the me temperature. The ice point and the steam point of water are two convenient fixed points and are known as the freezing and boiling points, respectively.","[EVALUATE & CREATE] Create a real-world scenario where the concept described in 'Since all substances change dimensions with temperature, an ' would be practically useful.","[ciddg reasoning: 38
Explain the concept of isobaric process. Give an example.",0.1714285714285714,0.16666666666666666,0.09196986029286058,0.0540565959648328,0.12103042358823286,0.0
awq,sglang,8,"create a question requiring analysis from: The term “ionization enthalpy”, if not qualified, is taken as the first ionization enthalpy. The first ionization enthalpies of elements having atomic numbers up to 60 are plotted in . The periodicity of the graph is quite striking. You will find maxima at the noble gases which have closed electron shells and very stable electron configurations. On the other hand, minima occur at the alkali metals and their low ionization enthalpies Variation of first ionization enthalpies (∆iH) with atomic number for elements with Z = 1 to 60 can be correlated with their high reactivity. In addition, you will notice two trends the first ionization enthalpy generally increases as we go across a period and decreases as we descend in a group. These trends are illustrated in Figs.",[ANALYZE] Differentiate between the terms and concepts mentioned in: The first ionization enthalpies of elements having atomic numbers up to 60 are plotted in .,[ANALYZE] What is the relationship between the factors described in the context of these events?,0.2857142857142857,0.3076923076923077,0.21952465443761057,0.08126573677240267,0.22354924615415167,1.0
awq,sglang,9,"generate a level 1 question testing factual knowledge: The magnitude of acceleration due to gravity is represented by g. If air resistance is neglected, the object is id to be in free fall. If the height through which the object falls is small compared to the earth’s radius, g can be taken to be constant, equal to 9.8 m s–2. Free fall is thus a case of motion with uniform acceleration. We assume that the motion is in y-direction, more correctly in –y-direction because we choose upward direction as positive. Since the acceleration due to gravity is always downward, it is in the negative direction and we have a = – g = – 9.8 m s–2 The object is released from rest at y = 0.","[REMEMBER & UNDERSTAND] 24
An astronaut inside a small spaceship orbiting around the earth
cannot detect gravity. If the space station orbiting around the earth
has a large size, can he hope to detect gravity?","[BACKGROUND KNOWLEDGE] 12
An object of mass m is moving in a circle of radius R with
constant speed v. What is the power required to operate the machine
that does this work?",0.14285714285714288,0.11940298507462688,0.146992652075247,0.04674673050860359,0.1139998776289051,0.0
awq,sglang,10,"generate an evaluate and create level question: (ii) Both the opposing processes occur at the same rate and there is a dynamic but stable condition. (iii) All measurable properties of the system remain constant. (iv) When equilibrium is attained for a physical process, it is characterised by constant value of one of its parameters at a given temperature. lists such quantities. (v) The magnitude of such quantities at any stage indicates the extent to which the physical process has proceeded before reaching equilibrium. 6.2 EQUILIBRIUM IN CHEMICAL PROCESSES – DYNAMIC EQUILIBRIUM Analogous to the physical systems chemical reactions also attain a state of equilibrium. These reactions can occur both in forward and backward directions.",[EVALUATE & CREATE] Create a real-world scenario where the concept described in '6.2 EQUILIBRIUM IN CHEMICAL PROCESSES – DYNAMIC EQUILIBRIUM ' would be practically useful.,[EVALUATE & CREATE] Evaluate the significance of the fact that the magnitude of such quantities at any stage indicates the extent to which the physical process has proceeded before reaching equilibrium in the context of this topic.,0.20408163265306123,0.16666666666666669,0.1388888888888889,0.058050415117661215,0.1419219008315695,1.0
awq,sglang,11,"create a question requiring application of concepts from: Now note the time by the me stopwatch. You will find the time taken will be shorter and therefore, the quantity of heat required would be less than that required by the me amount of water for the me rise in temperature. The above observations show that the quantity of heat required to warm a given substance depends on its mass, m, the change in temperature, ∆T and the nature of substance. The change in temperature of a substance, when a given quantity of heat is absorbed or rejected by it, is characterised by a quantity called the heat capacity of that substance. We define heat capacity, S of a substance as Q S T ∆ = ∆ (10.10) where ∆Q is the amount of heat supplied to the substance to change its temperature from T to T + ∆T.","[APPLY] 32
An object of mass m is raised from the surface of the earth to a
height equal to the radius of the earth, that is, taken from a distance
R to 2R from the centre of the earth. What is the gain in its potential
energy?",[APPLY] The heat capacity of water is 4200 J K–1 g–1. Calculate the amount of heat required to raise the temperature of 100 g of water by 100 K.,0.2,0.2278481012658228,0.1864132662740062,0.034528598430616675,0.16219749149261142,1.0
awq,sglang,12,"generate a remember and understand level question: Calorimetry means measurement of heat. When a body at higher temperature is brought in contact with another body at lower temperature, the heat lost by the hot body is equal to the heat gained by the colder body, provided no heat is allowed to escape to the surroundings. A device in which heat measurement can be done is called a calorimeter. It consists of a metallic vessel and stirrer of the me material, like copper or aluminium. The vessel is kept inside a wooden jacket, which contains heat insuting material, like gss wool etc. The outer jacket acts as a heat shield and reduces the heat loss from the inner vessel. There is an opening in the outer jacket through which a mercury thermometer can be inserted into the calorimeter ().","[REMEMBER & UNDERSTAND] 17
Molecules in air in the atmosphere are attracted by gravitational
force of the earth. Explain why all of them do not fall into the earth
just like an apple falling from a tree.",[ASSISTANT GENERATE ANCHOR] What is the significance of the term ‘heat’ in thermodynamics?,0.13953488372093023,0.12244897959183675,0.052450481418070315,0.02434846066735916,0.08469570134954911,0.0
awq,sglang,13,"generate a remember and understand level question: AIDS in humans is also caused by a virus. In plants, the symptoms can be mosaic formation, leaf rolling and curling, yellowing RNA Capsid (a) Sheath Head Tail fibres Collar (b) (a) Tobacco Mosaic Virus (TMV) (b) Bacteriophage BIOLOGICAL CLASSIFICATION 21 are very good pollution indicators – they do not grow in polluted areas. Biological classification of plants and animals was first proposed by Aristotle on the basis of simple morphological characters. Linnaeus later classified all living organisms into two kingdoms – Plantae and Animalia. Whittaker proposed an elaborate five kingdom classification – Monera, Protista, Fungi, Plantae and Animalia.","[REMEMBER & UNDERSTAND] The five kingdom classification was proposed by
a.
R.H. Whittaker
b.
C.Linnaeus
c.
A. Roxberg
d.
Virchow",[ASSIGNMENT] What is the difference between the two kingdoms of Monera and Protista?,0.06451612903225808,0.058823529411764705,0.041571768960502624,0.05162238035793419,0.054133451940614905,0.0
awq,sglang,14,create a question requiring evaluation or design from: The expression for a × b can be put in a determinant form which is easy to remember. ˆ ˆ ˆ x y z x y z a a a b b b × = i j k a b Example 6.4 Find the scar and vector products of two vectors. a = and b = Answer ˆ ˆ ˆ ˆ ˆ ˆ (3 4 5 ) ( 2 3 ) 6 4 15 25 = − + − + − = − − − = − a b i j k i j k i i ˆ ˆ ˆ ˆ ˆ ˆ 3 4 5 7 5 2 1 3 × = − = − − − − i j k a b i j k Note ˆ ˆ ˆ 7 5 × = − + + b a i j k ⊳ 6.6 ANGUR VELOCITY AND ITS RETION WITH LINEAR VELOCITY In this section we shall study what is angur velocity and its role in rotational motion. We have seen that every particle of a rotating body moves in a circle. The linear velocity of the particle is reted to the angur velocity. The retion between these two quantities involves a vector product which we learnt about in the st section. Let us go back to .,"[EVALUATE & CREATE] 38
A satellite is in an elliptic orbit around the earth with
aphelion of 6R and perihelion of 2 R where R= 6400 km is
the radius of the earth. Find eccentricity of the orbit. Find
the velocity of the satellite at apogee and perigee. What
should be done if this satellite has to be transferred to a
circular orbit of radius 6R ?
[G = 6.67 × 10–11 SI units and M = 6 × 1024 kg]",[EVALUATE & CREATE] Evaluate the significance of the fact that in this section we shall study what is angur velocity and its role in rotational motion in the context of rotational motion. 300,0.26666666666666666,0.14678899082568808,0.0995558440684949,0.01981750565235664,0.13320725180330156,1.0
awq,sglang,15,"generate an evaluate and create level question: Gay Lussac’s discovery of integer ratio in volume relationship is actually the law of definite proportions by volume. The law of definite proportions, stated earlier, was with respect to mass. The Gay Lussac’s law was explained properly by the work of Avogadro in 1811. 1.5.5 Avogadro’s Law In 1811, Avogadro proposed that equal volumes of all gases at the same temperature and pressure should contain equal number of molecules. Avogadro made a distinction between atoms and molecules which is quite understandable in present times. If we consider again the reaction of hydrogen and oxygen to produce water, we see that two volumes of hydrogen combine with one volume of oxygen to give two volumes of water without leaving any unreacted oxygen.","[EVALUATE & CREATE] A vessel contains 1.6 g of dioxygen at STP (273.15K, 1 atm pressure). The gas is now transferred to another vessel at constant temperature, where pressure becomes half of the original pressure. Calculate (i) volume of the new vessel. (ii) number of molecules of dioxygen.","[EVALUATE & CREATE] Evaluate the significance of the fact that if we consider again the reaction of hydrogen and oxygen to produce water, we see that two volumes of hydrogen combine with one volume of oxygen to give two volumes of water without leaving any unreacted oxygen in the context of this topic.",0.17142857142857143,0.19801980198019803,0.23076923076923078,0.05215500453373287,0.1630931521779333,1.0
awq,sglang,16,"generate a remember and understand level question: It consists of simple tissues such as parenchyma, collenchyma and sclerenchyma. Parenchymatous cells are usually present in cortex, pericycle, pith and medullary rays, in the primary stems and roots. In leaves, the ground tissue consists of thin-walled chloroplast containing cells and is called mesophyll. arranged cells, which form a continuous layer. Epidermis is usually singlelayered. Epidermal cells are parenchymatous with a small amount of cytoplasm lining the cell wall and a large vacuole. The outside of the epidermis is often covered with a waxy thick layer called the cuticle which prevents the loss of water. Cuticle is absent in roots. Stomata are structures present in the epidermis of leaves. Stomata regulate the process of transpiration and gaseous exchange.","[REMEMBER & UNDERSTAND] What is present on the surface of the leaves which helps the plant prevent
loss of water but is absent in roots?","[REMEMBER & UNDERSTAND] The epidermal cells of the leaves are surrounded by a waxy layer called
cuticle. Where is it absent?
a.
Roots
b.
Stems
c.
Petal
d.
All of the above",0.3404255319148936,0.3272727272727273,0.3548387096774194,0.10269754859886741,0.28130862936597695,1.0
awq,sglang,17,"create a question requiring analysis from: 1. What is the basis of classification of algae? 2. When and where does reduction division take place in the life cycle of a liverwort, a moss, a fern, a gymnosperm and an angiosperm? 3. Name three groups of plants that bear archegonia. Briefly describe the life cycle of any one of them. 4. Mention the ploidy of the following: protonemal cell of a moss; primary endosperm nucleus in dicot, leaf cell of a moss; prothallus cell of a ferm; gemma cell in Marchantia; meristem cell of monocot, ovum of a liverwort, and zygote of a fern. 36 5. Write a on economic importance of algae and gymnosperms. 6. Both gymnosperms and angiosperms bear seeds, then why are they classified separately? 7. What is heterospory? Briefly comment on its significance. Give two examples. 8.",[ANALYZE] Compare and contrast the concepts presented in the following: Name three groups of plants that bear archegonia.,"[ANALYZE] Compare and contrast the key concepts and ideas presented in the following article: 1. What is the basis of classification of algae? 2. When and where does reduction division take place in the life cycle of a liverwort, a moss, a fern, a gymnosperm and an angiosperm? 3. Mention the ploidy of the following: protonemal cell of a moss; primary endosperm nucleus in dicot, leaf cell of a moss; prothallus cell of a ferm; gemma cell in Marchantia; meristem cell of monocot, ov",0.28571428571428575,0.21568627450980396,0.13095238095238096,0.08297993294660588,0.17883321853076914,1.0
awq,sglang,18,"generate a level 3 question testing analytical thinking: For any particle on the axis like P3, r = 0. Any such particle remains stationary while the body rotates. This is expected since the axis of rotation is fixed. (a) A spinning top (The point of contact of the top with the ground, its tip O, is fixed.) (b) An oscilting table fan with rotating bdes. The pivot of the fan, point O, is fixed. The bdes of the fan are under rotational motion, whereas, the axis of rotation of the fan bdes is oscilting. A rigid body rotation about the z-axis (Each point of the body such as P1 or P2 describes a circle with its centre (C1 or C2) on the axis of rotation. The radius of the circle (r1or r2) is the perpendicur distance of the point (P1 or P2) from the axis. A point on the axis like P3 remains stationary).","[ANALYZE] What patterns can you identify from the fact that the pivot of the fan, point o, is fixed?","[ANALYZE] What is the relationship between the factors described in the phrase '(a) A spinning top (The point of contact of the top with the ground, its tip O, is fixed.) (b) An oscilting table fan with rotating bdes. The pivot of the fan, point O, is fixed.'?",0.42553191489361697,0.3582089552238806,0.25,0.19451790929856874,0.30706469485401655,1.0
awq,sglang,19,"create a recall or comprehension question from: 2. The second w of motion is a vector w. It is equivalent to three equations, one for each component of the vectors : F p t ma x x x = = d d F p t ma y y y = = d d z z z a m t p F = = d d (4.6) This means that if a force is not parallel to the velocity of the body, but makes some angle with it, it changes only the component of velocity along the direction of force. The Reprint WS OF MOTION 55 ⊳ ⊳ component of velocity normal to the force remains unchanged. For example, in the motion of a projectile under the vertical gravitational force, the horizontal component of velocity remains unchanged (). 3. The second w of motion given by Eq. (4.5) is applicable to a single point particle. The force F in the w stands for the net external force on the particle and a stands for acceleration of the particle.","[REMEMBER & UNDERSTAND] 18
Give one example each of central force and non-central force.","[ASSIGNMENT] 14
What is the direction of the force on a positive charge in an electric
field?",0.14285714285714288,0.12903225806451615,0.11764705882352941,0.07994607499472017,0.11737063368497716,0.0
awq,sglang,20,"generate an analyze level question: The ecological conflict and cooperation among members of a population and among populations of a community or even the molecular traffic inside a cell make us deeply reflect on – what indeed is life? This question has two implicit questions within it. The first is a technical one and seeks answer to what living is as opposed to the non-living, and the second is a philosophical one, and seeks answer to what the purpose of life is. As scientists, we shall not attempt answering the second question. We will try to reflect on – what is living? 1.1 DIVERSITY IN THE LIVING WORLD If you look around you will see a large variety of living organisms, be it potted plants, insects, birds, your pets or other animals and plants.","[ANALYZE] Properties of cell organelles are not always found in the molecular
constituents of cell organelles. Justify.","[ANALYZE] What is the relationship between the factors described in the phrase 'If you look around you will see a large variety of living organisms, be it potted plants, insects, birds, your pets or other animals and plants'?",0.16666666666666666,0.14545454545454545,0.10526315789473684,0.04744188024111084,0.11620656256426495,1.0
awq,sglang,21,"create a question requiring evaluation or design from: By conventions of IUPAC in chemical thermodynamics. The q is positive, when heat is transferred from the surroundings to the system and the internal energy of the system increases and q is negative when heat is transferred from system to the surroundings resulting in decrease of the internal energy of the system. * Earlier negative sign was assigned when the work is done on the system and positive sign when the work is done by the system. This is still followed in physics books, although IUPAC has recommended the use of new sign convention. A system which allows heat transfer through its boundary. chemIstry 140 (c) The general case Let us consider the general case in which a change of state is brought about both by doing work and by transfer of heat.",[EVALUATE & CREATE] Evaluate the significance of the fact that a system which allows heat transfer through its boundary in the context of this topic.,[EVALUATE & CREATE] Evaluate the significance of the fact that * Earlier negative sign was assigned when the work is done on the system and positive sign when the work is done by the system in the context of this topic.,0.5333333333333332,0.5079365079365079,0.41025641025641024,0.33780188681023077,0.4473320345841205,1.0
awq,sglang,22,"create a question requiring application of concepts from: The electrical potential difference across the resting neural membrane is called the ‘resting potential’. The nerve impulse is conducted along the axon membrane in the form of a wave of depolarisation and repolarisation. A synapse is formed by the membranes of a pre-synaptic neuron and a post-synaptic neuron which may or may not be separated by a gap called synaptic cleft. Chemicals involved in the transmission of impulses at chemical synapses are called neurotransmitters. Human neural system consists of two parts : (i) central neural system (CNS) and (ii) the peripheral neural system. The CNS consists of the brain and spiral cord. The brain can be divided into three major parts : (i) forebrain, (ii) midbrain and (iii) hindbrain. The forebrain consists of cerebrum, thalamus and hypothalamus.","[APPLY] What is the difference between electrical transmission and chemical
transmission?",[APPLY] The central nervous system consists of brain and spinal cord. What are the major parts of the brain?,0.32,0.19999999999999998,0.21052631578947367,0.08097785064266204,0.20287604160803394,1.0
awq,sglang,23,generate a remember and understand level question: If false change the statement so that it is true. (a) Actin is present in thin filament (b) H-zone of striated muscle fibre represents both thick and thin filaments. (c) Human skeleton has 206 bones. (d) There are 11 pairs of ribs in man. (e) Sternum is present on the ventral side of the body. 5. Write the difference between : (a) Actin and Myosin (b) Red and White muscles (c) Pectoral and Pelvic girdle 6. Match Column I with Column II : Column I Column II (a) Smooth muscle (i) Myoglobin (b) Tropomyosin (ii) Thin filament (c) Red muscle (iii) Sutures (d) Skull (iv) Involuntary 7. What are the different types of movements exhibited by the cells of human body? 8. How do you distinguish between a skeletal muscle and a cardiac muscle? 9.,[REMEMBER & UNDERSTAND] What is the difference between the matrix of bones and cartilage?,[GENERATE]] What is the role of actin and myosin in muscle contraction?,0.4166666666666667,0.4,0.38335183942888473,0.19690425335318407,0.34923068986218386,0.0
awq,sglang,24,"generate an analyze level question: We wear white or light coloured clothes in summer, so that they absorb the least heat from the Sun. However, during winter, we use dark coloured clothes, which absorb heat from the sun and keep our body warm. The bottoms of utensils for cooking food are bckened so that they absorb maximum heat from fire and transfer it to the vegetables to be cooked. Simirly, a Dewar fsk or thermos bottle is a device to minimise heat transfer between the contents of the bottle and outside. It consists of a double-walled gss vessel with the inner and outer walls coated with silver. Radiation from the inner wall is reflected back to the contents of the bottle. The outer wall simirly reflects back any incoming radiation.",[ANALYZE] What is the relationship between the factors described in: 'The bottoms of utensils for cooking food are bckened so that they absorb maximum heat from fire and transfer it to the vegetables to be cooked'?,[ANALYZE] What is the relationship between the factors described in the context?,0.4285714285714286,0.4583333333333333,0.12405734296689497,0.12344850233338975,0.28360265180126165,1.0
awq,sglang,25,"generate a level 3 question testing analytical thinking: Isotope Relative Abundance (%) Atomic Mass (amu) 12C 13C 14C 98.892 1.108 2 ×10–10 12 13.00335 14.00317 From the above data, the average atomic mass of carbon will come out to be: (0.98892) (12 u) + (0.01108) (13.00335 u) + (2 × 10–12) (14.00317 u) = 12.011 u Similarly, average atomic masses for other elements can be calculated. In the periodic table of elements, the atomic masses mentioned for different elements actually represent their average atomic masses. 1.7.3 Molecular Mass Molecular mass is the sum of atomic masses of the elements present in a molecule. It is obtained by multiplying the atomic mass of each element by the number of its atoms and adding them together.",[ANALYZE] Break down the process described here and identify the key components: It is obtained by multiplying the atomic mass of each element by the number of its atoms and adding them together.,"[ANALYZE] What is the relationship between the factors described in the phrase 'Similarly, average atomic masses for other elements can be calculated'?",0.2127659574468085,0.18181818181818182,0.19298702809038337,0.04750893598090272,0.15877002583406913,1.0
awq,sglang,26,"create a recall or comprehension question from: Can you add a few more examples of open differentiation correlating the position of a cell to its position in an organ? 13.3 DEVELOPMENT Development is a term that includes all changes that an organism goes through during its life cycle from germination of the seed to senescence. Diagrammatic representation of the sequence of processes which constitute the development of a cell of a higher plant is given in . It is also applicable to tissues/organs. PLANT GROWTH AND DEVELOPMENT 173 Plants follow different pathways in response to environment or phases of life to form different kinds of structures. This ability is called plasticity, e.g., heterophylly in cotton, coriander and larkspur. In such plants, the leaves of the juvenile plant are different in shape from those in mature plants.","[REMEMBER & UNDERSTAND] Monocarpic plants are those which
a.
Bear flowers with one ovary
b.
Flower once and die
c.
Bear only one flower
d.
All of the above","[ASSIGNMENT] If you could, I would like to ask you a few more questions. You have
mentioned that in heterophylly, the leaves of the juvenile plant are different in
shape from those in mature plants. Can you give me some examples of
heterophylly?",0.19999999999999998,0.08450704225352113,0.13953488372093023,0.0455295585154592,0.11739287112247764,0.0
awq,sglang,27,"generate a level 1 question testing factual knowledge: As can be seen from the two examples, separating the motion of different parts of a system into motion of the centre of mass and motion about the centre of mass is a very useful technique that helps in understanding the motion of the system. 6.5 VECTOR PRODUCT OF TWO VECTORS We are already familiar with vectors and their use in physics. In chapter 5 (Work, Energy, Power) we defined the scar product of two vectors. An important physical quantity, work, is defined as a scar product of two vector quantities, force and dispcement. (a) (b) (a) Trajectories of two stars, S1 (dotted line) and S2 (solid line) forming a binary system with their centre of mass C in uniform motion. (b) The me binary system, with the centre of mass C at rest.","[REMEMBER & UNDERSTAND] 17
Molecules in air in the atmosphere are attracted by gravitational
force of the earth. Explain why all of them do not fall into the earth
just like an apple falling from a tree.",[ASSIGNMENT QUESTION] Define the term ‘work’. What is the unit of ‘work’? Give an example of ‘work’.,0.13636363636363635,0.1509433962264151,0.09619071049774357,0.031093291270547826,0.1036477585895857,0.0
awq,sglang,28,"generate an apply level question: (c) Work done in the motion of a body over a closed loop is zero for every force in nature. (d) In an inestic collision, the final kinetic energy is always less than the initial kinetic energy of the system. 5.8 Answer carefully, with reasons : (a) In an estic collision of two billiard balls, is the total kinetic energy conserved during the short time of collision of the balls (i.e. when they are in contact) ? (b) Is the total linear momentum conserved during the short time of an estic collision of two balls ? Reprint PHYSICS 90 (c) What are the answers to (a) and (b) for an inestic collision ? (d) If the potential energy of two billiard balls depends only on the separation distance between their centres, is the collision estic or inestic ?","[APPLY] 29
Two identical heavy spheres are separated by a distance 10 times
their radius. Will an object placed at the mid point of the line joining
their centres be in stable equilibrium or unstable equilibrium?
Give reason for your answer.","[APPLY] 30
Exemplar text has been split into two parts, A and B. Comment on the
relevance of the following statements to the content of each part. i.
A is irrelevant to the content of B.
ii.
B is irrelevant to the content of B.",0.15151515151515152,0.13953488372093023,0.13333333333333333,0.043481962738678846,0.11696633282702347,1.0
awq,sglang,29,"generate a remember and understand level question: Chlorella, a unicellular alga rich in proteins, is used as food supplement even by space travellers. The algae are divided into three main classes: Chlorophyceae, Phaeophyceae and Rhodophyceae. 3.1.1 Chlorophyceae The members of chlorophyceae are commonly called green algae. The plant body may be unicellular, colonial or filamentous. They are usually grass green due to the dominance of pigments chlorophyll a and b. The pigments are localised in definite chloroplasts. The chloroplasts may be discoid, plate-like, reticulate, cup-shaped, spiral or ribbon-shaped in different species. Most of the members have one or more storage bodies called pyrenoids located in the chloroplasts. Pyrenoids contain protein besides starch. Some algae may store food in the form of oil droplets.","[REMEMBER & UNDERSTAND] Most algal genera show haplontic life style. Name an alga which is
a.
Haplo-diplontic
b.
Diplontic","[REMEMBER & UNDERSTAND] The plant body of a green alga is divided into two parts. What are
these?",0.28571428571428575,0.2222222222222222,0.26147346041258107,0.1005121761902303,0.21748053613482982,1.0
awq,sglang,30,"generate a level 4 question testing critical and creative thinking: Pyruvate, which is formed by the glycolytic catabolism of carbohydrates in the cytosol, after it enters mitochondrial matrix undergoes oxidative decarboxylation by a complex set of reactions catalysed by pyruvic dehydrogenase. The reactions catalysed by pyruvic dehydrogenase require the participation of several coenzymes, including NAD+ and Coenzyme A. Pyruvic acid CoA NAD Mg Pyruvate dehydrogenase + +  →  + + 2  + + + + Acetyl CoA CO NADH H 2 During this process, two molecules of NADH are produced from the metabolism of two molecules of pyruvic acid (produced from one glucose molecule during glycolysis). The acetyl CoA then enters a cyclic pathway, tricarboxylic acid cycle, more commonly called as Krebs’ cycle after the scientist Hans Krebs who first elucidated it.","[EVALUATE & CREATE] Design an experiment that could demonstrate the principle described in: The reactions catalysed by pyruvic dehydrogenase require the participation of several coenzymes, including NAD+ and Coenzyme A.",[GENERATE] What is the role of NAD+ and Coenzyme A in the process of pyruvic acid dehydrogenase?,0.42857142857142855,0.2608695652173913,0.29039575787595906,0.12781578956483478,0.2769131353074034,0.0
awq,sglang,31,"generate an evaluate and create level question: Since A1 is parallel to ɵi and A2 is parallel to ɵj, we have : A1= Ax ɵi , A2 = Ay ɵj (3.11) where Ax and Ay are real numbers. Thus, A = Ax ɵi + Ay ɵj (3.12) This is represented in (c). The quantities Ax and Ay are called x-, and y- components of the vector A. Note that Ax is itself not a vector, but Ax ɵi is a vector, and so is Ay ɵj. Using simple trigonometry, we can express Ax and Ay in terms of the magnitude of A and the angle θ it makes with the x-axis : Ax = A cos θ Ay = A sin θ (3.13) As is clear from Eq. (3.13), a component of a vector can be positive, negative or zero depending on the value of θ. Now, we have two ways to specify a vector A in a pne.","[EVALUATE & CREATE] Create a real-world scenario where the concept described in 'Using simple trigonometry, we can express Ax and Ay in terms' would be practically useful.","[EVALUATE & CREATE] Evaluate the significance of the fact that Ax ɵi , A2 = Ay ɵj (3.12) in the context of the topic discussed.",0.27906976744186046,0.24,0.21922694872979945,0.0723364631700289,0.2026582948354222,1.0
awq,sglang,32,"generate an analyze level question: When we move from lithium to fluorine across the second period, successive electrons are added to orbitals in the same principal quantum level and the shielding of the nuclear charge by the inner core of electrons does not increase very much to compensate for the increased attraction of the electron to the nucleus. Thus, across a period, increasing nuclear charge outweighs the shielding. Consequently, the outermost electrons are held more and more tightly and the ionization enthalpy increases across a period. As we go down a group, the outermost electron being increasingly farther from the nucleus, there is an increased shielding of the nuclear charge by the electrons in the inner levels.","[ANALYZE] Assertion (A): Generally, ionisation enthalpy increases from left to right in a period.
Reason (R): When successive electrons are added to the orbitals in the same principal quantum level, the shielding effect of inner core of electrons does not increase very much to compensate for the increased attraction of the electron to the nucleus. (i) Assertion is correct statement and reason is wrong statement. (ii) Assertion and reason both are correct statements and reason is correct explanation of assertion. (iii) Assertion and reason both are wrong statements. (iv) Assertion is wrong statement and reason is correct statement.","[ANALYZE] What is the relationship between the factors described in sections [generate an analyze level question]: Consequently, the outermost electrons are held more and more tightly and the ionization enthalpy increases across a period?",0.29268292682926833,0.13636363636363638,0.0716383493071001,0.013056567338415186,0.128435369959605,1.0
awq,sglang,33,"create a question requiring analysis from: Temperature and pH Enzymes generally function in a narrow range of temperature and pH (). Each enzyme shows its highest activity at a particular temperature and pH called the optimum temperature and optimum pH. Activity declines both below and above the optimum value. Low temperature preserves the enzyme in a temporarily inactive state whereas high temperature destroys enzymatic activity because proteins are denatured by heat. Concentration of Substrate With the increase in substrate concentration, the velocity of the enzymatic reaction rises at first. The reaction ultimately reaches a maximum velocity (Vmax) which is not exceeded by any further rise in concentration of the substrate.",[ANALYZE] What patterns can you identify from the fact that activity declines both below and above the optimum value?,[ANALYZE] What is the relationship between the factors described in the context?,0.21428571428571427,0.2580645161290323,0.18601171525668236,0.08670262200807066,0.1862661419198749,1.0
awq,sglang,34,"generate a level 1 question testing factual knowledge: 10 Since the dawn of civilisation, there have been many attempts to classify living organisms. It was done instinctively not using criteria that were scientific but borne out of a need to use organisms for our own use – for food, shelter and clothing. Aristotle was the earliest to attempt a more scientific basis for classification. He used simple morphological characters to classify plants into trees, shrubs and herbs. He also divided animals into two groups, those which had red blood and those that did not. In Linnaeus' time a Two Kingdom system of classification with Plantae and Animalia kingdoms was developed that included all plants and animals respectively.","[REMEMBER & UNDERSTAND] In the five kingdom system of Whittaker, how many kingdoms are
eukaryotes?

9
9999999",[assistant question] What is the difference between the two kingdoms of plants and animals?,0.20689655172413793,0.13333333333333333,0.18575954994646748,0.09112487712571068,0.15427857803241235,0.0
awq,sglang,35,"generate a remember and understand level question: Different bogies of the train are coupled to each other through a spring coupling. When an engine is attached at one end, it gives a push to the bogie next to it; this push is transmitted from one bogie to another without the entire train being bodily dispced. Now let us consider the propagation of sound waves in air. As the wave passes through air, it compresses or expands a small region of air. This causes a change in the density of that region, y δρ, this change induces a change in pressure, δp, in that region. Pressure is force per unit area, so there is a restoring force proportional to the disturbance, just like in a spring. In this case, the quantity simir to extension or compression of the spring is the change in density.","[REMEMBER & UNDERSTAND] 3
Different points in earth are at slightly different distances from
the sun and hence experience different forces due to gravitation.
For a rigid body, we know that if various forces act at various
points in it, the resultant motion is as if a net force acts on
the c.m. (centre of mass) causing translation and a net torque
at the c.m. causing rotation around an axis through the c.m.
For the earth-sun system (approximating the earth as a
uniform density sphere)
(a) the torque is zero.
(b) the torque causes the earth to spin.
(c) the rigid body result is not applicable since the earth is not
even approximately a rigid body.
(d) the torque causes the earth to move around the sun.","[ASSISTANT TASK] 24
An object of mass m moving with velocity 3 v along the x
axis is found to be inside a ring of mass M and inner radius R
which has inner surface of radius 2R and is charged with
uniform surface charge 1 σ . The outer surface of the ring has
uniform surface charge 2 σ . The ring is far from all other bodies
and gravitational effects of all other bodies may be neglected.
What is the total potential energy of the object inside the ring ?
(giv en that the potential energy of a particle of mass m at
distance r from",0.23437500000000003,0.1446808510638298,0.2176733448058478,0.02099147385829004,0.15443016743199192,0.0
awq,sglang,36,"generate a level 3 question testing analytical thinking: It has 16 chromosomes in each cell. Can you tell how many chromosomes will the cell have at G1 phase, after S phase, and after M phase? Also, what will be the DNA content of the cells at G1, after S and at G2, if the content after M phase is 2C? CELL CYCLE AND CELL DIVISION 123 Cells at the end of prophase, when viewed under the microscope, do not show golgi complexes, endoplasmic reticulum, nucleolus and the nuclear envelope. 10.2.2 Metaphase The complete disintegration of the nuclear envelope marks the start of the second phase of mitosis, hence the chromosomes are spread through the cytoplasm of the cell. By this stage, condensation of chromosomes is completed and they can be observed clearly under the microscope.","[ANALYZE] Break down the process described here and identify the key components: By this stage, condensation of chromosomes is completed and they can be observed clearly under the microscope.","[ANALYZE] Compare and contrast the key concepts and ideas presented in the following sentence: 10.2.2 Metaphase The complete disintegration of the nuclear envelope marks the start of the second phase of mitosis, hence the chromosomes are spread through the cytoplasm of the cell?",0.20689655172413793,0.18918918918918917,0.2,0.04753731294736232,0.16090576346517235,1.0
awq,sglang,37,"generate an evaluate and create level question: This discernable trend is called evolutionary trend (You will study the details in class XII). In this chapter, you are being introduced to morphology and anatomy of frog. Morphology refers to study of form or externally visible features. In the case of plants or microbes, the term morphology precisely means only this. In case of animals this refers to the external appearance of the organs or parts of the body. The word anatomy conventionally is used for the study of morphology of internal organs in the animals. You will learn the morphology and anatomy of frog representing vertebrates. 7.2 FROGS Frogs can live both on land and in freshwater and belong to class Amphibia of phylum Chordata. The most common species of frog found in India is Rana tigrina.",[EVALUATE & CREATE] Evaluate the significance of the fact that morphology refers to study of form or externally visible features in the context of this topic.,"[EVALUATE & CREATE] If you could create a new species of animal or plant that could adapt to its environment and thrive in it, which species would you choose and what characteristics would you give to it to ensure its survival?",0.2857142857142857,0.1846153846153846,0.175,0.05065321116889574,0.1739957203746415,1.0
awq,sglang,38,"create a recall or comprehension question from: Rutherford model, which resembles the solar system, was no doubt an improvement over Thomson model but it could not account for the stability of the atom i.e., why the electron does not fall into the nucleus. Further, it was also silent about the electronic structure of atoms i.e., about the distribution and relative energies of electrons around the nucleus. The difficulties of the Rutherford model were overcome by Niels Bohr in 1913 in his model of the hydrogen atom. Bohr postulated that electron moves around the nucleus in circular orbits. Only certain orbits can exist and each orbit corresponds to a specific energy. Bohr calculated the energy of electron in various orbits and for each orbit predicted the distance between the electron and nucleus.","[REMEMBER & UNDERSTAND] Which of the following properties of atom could be explained correctly by Thomson Model of atom?
(i) Overall neutrality of atom.
(ii) Spectra of hydrogen atom.
(iii) Position of electrons, protons and neutrons in atom.
(iv) Stability of atom.",[ASSISTANT TASK] What is the significance of the term 'energy of electron in various orbits' in the context of the explanation provided?,0.13043478260869568,0.15873015873015872,0.0958241148834099,0.03654877729341031,0.10538445837891866,0.0
awq,sglang,39,"create a question requiring evaluation or design from: The mycelium is aseptate and coenocytic. Asexual reproduction takes place by zoospores (motile) or by aplanospores (non-motile). These spores are endogenously produced in sporangium. A zygospore is formed by fusion of two gametes. These gametes are similar in morphology (isogamous) or dissimilar (anisogamous or oogamous). Some common examples are Mucor (a), Rhizopus (the bread mould mentioned earlier) and Albugo (the parasitic fungi on mustard). 2.3.2 Ascomycetes Commonly known as sac-fungi, the ascomycetes are mostly multicellular, e.g., Penicillium, or rarely unicellular, e.g., yeast (Saccharomyces). They are saprophytic, decomposers, parasitic or coprophilous (growing on dung). Mycelium Fungi: (a) Mucor (b) Aspergillus (c) Agaricus (c) (a) (b) 18 is branched and septate.","[EVALUATE & CREATE] If 'A zygospore is formed by fusion of two gametes' were not true, what consequences would follow? Justify your reasoning.","[EVALUATE & CREATE] If you could change the environment you are in right now, what would you want to be able to do and why?",0.23255813953488372,0.21739130434782608,0.20833333333333334,0.10435185733665414,0.19065865863817433,1.0
awq,sglang,40,"generate a level 3 question testing analytical thinking: These generalisations led Markovnikov to frame a rule called Markovnikov rule. The rule states that negative part of the addendum (adding molecule) gets attached to that carbon atom which possesses lesser number of hydrogen atoms. Thus according to this rule, product I i.e., 2-bromopropane is expected. In actual practice, this is the principal product of the reaction. This generalisation of Markovnikov rule can be better understood in terms of mechanism of the reaction. Mechanism Hydrogen bromide provides an electrophile, H +, which attacks the double bond to form carbocation as shown below : (i) The secondary carbocation (b) is more stable than the primary carbocation (a), therefore, the former predominates because it is formed at a faster rate.","[ANALYZE] What is the relationship between the factors described in: 'Thus according to this rule, product I i.e., 2-bromopropane is expected'?","[ANALYZE] What is the relationship between the factors described in the phrase 'In actual practice, this is the principal product of the reaction'?",0.5945945945945946,0.5217391304347826,0.5652173913043478,0.44588192733265836,0.5318582609165958,1.0
awq,sglang,41,"generate an apply level question: CHAPTER THIRTEEN OSCILTIONS 13.1 INTRODUCTION In our daily life we come across various kinds of motions. You have already learnt about some of them, e.g., rectilinear motion and motion of a projectile. Both these motions are non-repetitive. We have also learnt about uniform circur motion and orbital motion of pnets in the sor system. In these cases, the motion is repeated after a certain interval of time, that is, it is periodic. In your childhood, you must have enjoyed rocking in a cradle or swinging on a swing. Both these motions are repetitive in nature but different from the periodic motion of a pnet. Here, the object moves to and fro about a mean position. The pendulum of a wall clock executes a simir motion.","[APPLY] 30
Show the nature of the following graph for a satellite orbiting the
earth.
(a) KE vs orbital radius R
(b) PE vs orbital radius R
(c) TE vs orbital radius R.",[APPLY] 13.11 Give an example of a periodic motion which is not periodic.,0.1714285714285714,0.1276595744680851,0.05515610186840743,0.027056983110371646,0.09532530771885889,1.0
awq,sglang,42,"generate a remember and understand level question: CHAPTER TWO MOTION IN A STRAIGHT LINE 2.1 Introduction 2.2 Instantaneous velocity and speed 2.3 Acceleration 2.4 Kinematic equations for uniformly accelerated motion 2.5 Retive velocity Points to ponder 2.1 INTRODUCTION Motion is common to everything in the universe. We walk, run and ride a bicycle. Even when we are sleeping, air moves into and out of our lungs and blood flows in arteries and veins. We see leaves falling from trees and water flowing down a dam. Automobiles and pnes carry people from one pce to the other. The earth rotates once every twenty-four hours and revolves round the sun once in a year. The sun itself is in motion in the Milky Way, which is again moving within its local group of gaxies. Motion is change in position of an object with time.","[REMEMBER & UNDERSTAND] 2
As observed from earth, the sun appears to move in an
approximate circular orbit. For the motion of another planet like
mercury as observed from earth, this would
(a) be similarly true.
(b) not be true because the force between earth and mercury is
not inverse square law.
Chapter Eight
GRAVITATION

Exemplar Problems–Physics
58
(c) not be true because the major gravitational force on mercury
is due to sun.
(d) not be true because mercury is influenced by forces other than
gravitational forces.","[ASSIGNMENT] 14
An object of mass 10 kg moving with a velocity of 100 m s–1
collides elastically with an object of mass 20 kg moving with a
velocity of 60 m s–1 in the direction of first object. What are the
velocities of the two objects after collision?",0.11235955056179776,0.07246376811594203,0.06775901017105712,0.016444731424241868,0.0672567650682597,0.0
awq,sglang,43,"generate an evaluate and create level question: Muscles possess excitability, contractility, extensibility and elasticity. Muscle fibre is the anatomical unit of muscle. Each muscle fibre has many parallelly arranged myofibrils. Each myofibril contains many serially arranged units called sarcomere which are the functional units. Each sarcomere has a central ‘A’ band made of thick myosin filaments, and two half ‘I’ bands made of thin actin filaments on either side of it marked by ‘Z’ lines. Actin and myosin are polymerised proteins with contractility. The active sites for myosin on resting actin filament are masked by a protein-troponin. Myosin head contains ATPase and has ATP binding sites and active sites for actin. A motor neuron carries signal to the muscle fibre which generates an action potential in it.",[EVALUATE & CREATE] Design an experiment that could demonstrate the principle described in: Muscle fibre is the anatomical unit of muscle.,[EVALUATE & CREATE] Evaluate the significance of the term 'actin and myosin' in the context of this topic.,0.3225806451612903,0.3243243243243243,0.2958435643845882,0.09849374236070883,0.2603105690577279,1.0
awq,sglang,44,"generate an apply level question: EXCRETORY PRODUCTS AND THEIR ELIMINATION CHAPTER 16 16.1 Human Excretory System 16.2 Urine Formation 16.3 Function of the Tubules 16.4 Mechanism of Concentration of the Filtrate 16.5 Regulation of Kidney Function 16.6 Micturition 16.7 Role of other Organs in Excretion 16.8 Disorders of the Excretory System 206 A survey of animal kingdom presents a variety of excretory structures. In most of the invertebrates, these structures are simple tubular forms whereas vertebrates have complex tubular organs called kidneys. Some of these structures are mentioned here. Protonephridia or flame cells are the excretory structures in Platyhelminthes (Flatworms, e.g., Planaria), rotifers, some annelids and the cephalochordate – Amphioxus.","[APPLY] What is the role played by Renin-Angiotensin in the regulation of kidney
function?","[APPLY] The excretory system of vertebrates is called kidney. What is the
structure of kidney? Describe the structure of kidney and their functions
in detail.",0.45161290322580644,0.35000000000000003,0.32,0.11902001907030836,0.3101582305740287,1.0
awq,sglang,45,"generate a level 3 question testing analytical thinking: Thus, C + H3 lacks hyperconjugative stability. 8.7.10 Types of Organic Reactions and Mechanisms Organic reactions can be classified into the following categories: (i) Substitution reactions (ii) Addition reactions (iii) Elimination reactions (iv) Rearrangement reactions You will be studying these reactions in Unit 9 and later in class XII. 8.8 Methods of Purification of Organic Compounds Once an organic compound is extracted from a natural source or synthesised in the laboratory, it is essential to purify it. Various methods used for the purification of organic compounds are based on the nature of the compound and the impurity present in it.",[ANALYZE] Differentiate between the terms and concepts mentioned in: Various methods used for the purification of organic compounds are based on the nature of the compound and the impurity present in it.,"[ANALYZE] Compare and contrast the key concepts and ideas presented in the following sentence: Thus, C + H3 lacks hyperconjugative stability.",0.23255813953488372,0.19230769230769232,0.19208407263290922,0.047410764511523276,0.16609016724675213,1.0
awq,sglang,46,"create a recall or comprehension question from: Calcium ions play a very important role in clotting. BODY FLUIDS AND CIRCULATION 197 15.2 LYMPH (TISSUE FLUID) As the blood passes through the capillaries in tissues, some water along with many small water soluble substances move out into the spaces between the cells of tissues leaving the larger proteins and most of the formed elements in the blood vessels. This fluid released out is called the interstitial fluid or tissue fluid. It has the same mineral distribution as that in plasma. Exchange of nutrients, gases, etc., between the blood and the cells always occur through this fluid. An elaborate network of vessels called the lymphatic system collects this fluid and drains it back to the major veins. The fluid present in the lymphatic system is called the lymph.","[REMEMBER & UNDERSTAND] Match the terms given under Column ‘A’ with their functions given under
Column ‘B’ and select the answer from the options given below:
Column I
Column II
A.
Lymphatic System
i.
Carries oxygenated blood
B.
Pulmonary vein
ii.
Immune Response
C.
Thrombocytes
iii.
To drain back the tissue fluid
to the circulatory system
D.
Lymphocytes
iv.
Coagulation of blood

104

Options:
a.
A-ii, B-i, C-iii, D-iv
b.
A-iii, B-i, C-iv, D-ii
c.
A-iii, B-i, C-iii, D-iv
d.
A-ii, B-i, C-iii, D-iv","[REMEMBER] Which of the following is not a component of lymphatic system?
a.
Lymph nodes
b.
Thymus
c.
Pulmonary
d.
Spleen
[2 marks]",0.30303030303030304,0.1475409836065574,0.017563247522807728,0.0036169917647243008,0.11793788148109811,0.0
awq,sglang,47,"generate a level 3 question testing analytical thinking: Since these are unit vectors, we have ˆi  = ˆj  = ˆk =1 (3.9) These unit vectors are perpendicur to each other. In this text, they are printed in bold face with a cap (^) to distinguish them from other vectors. Since we are dealing with motion in two dimensions in this chapter, we require use of only two unit vectors. If we multiply a unit vector, y ˆn by a scar, the result is a vector λ = λ ˆn. In general, a vector A can be written as A = |A| ˆn (3.10) where ˆn is a unit vector along A. We can now resolve a vector A in terms of component vectors that lie along unit vectors iˆ and ɵj. Consider a vector A that lies in x-y pne as shown in (b). We draw lines from the head of A perpendicur to the coordinate axes as in (b), and get vectors A1 and A2 such that A1 + A2 = A.","[ANALYZE] Examine how the concept of 'Since these are unit vectors, we have ˆi  = ˆj  = ˆk =' relates to the broader topic discussed.","[ANALYZE] What is the relationship between the factors described in the phrase 'In general, a vector A can be written as A = |A| ˆn'?",0.10256410256410256,0.13043478260869565,0.125,0.06024757292375468,0.10456161452413823,1.0
awq,sglang,48,"generate an evaluate and create level question: That is, all molecules within the volume Avx ∆t only can hit the wall in time ∆t. But, on the average, half of these are moving towards the wall and the other half away from Reprint 250 PHYSICS ⊳ molecule with a different initial velocity which after a collision acquires the velocity (vx, vy, vz ). If this were not so, the distribution of velocities would not remain steady. In any case we are finding 2 x v . Thus, on the whole, molecur collisions (if they are not too frequent and the time spent in a collision is negligible compared to time between collisions) will not affect the calcution above. 12.4.2 Kinetic Interpretation of Temperature Equation (13.14) can be written as PV = (1/3) nV m 2 v (12.15a) PV = (2/3) N x ½ m 2 v (12.15b) where N (= nV) is the number of molecules in the mple.","[EVALUATE & CREATE] 36
A satellite is to be placed in equatorial geostationary orbit around
earth for communication.
(a) Calculate height of such a satellite.
(b) Find out the minimum number of satellites that are needed to
cover entire earth so that at least one satellites is visible from
any point on the equator.
[M = 6 × 1024 kg, R = 6400 km, T = 24h, G = 6.67 × 10–11 SI units]

Exemplar Problems–Physics
64",[EVALUATE & CREATE] Evaluate the significance of the fact that in any case we are finding 2 x v .,0.20512820512820512,0.13186813186813187,0.023548274375844704,0.0057029272233466155,0.0915618846488821,1.0
awq,sglang,49,"generate an apply level question: There are also several organisms that you cannot see with your naked eye but they are all around you. If you were to increase the area that you make observations in, the range and variety of organisms that you see would increase. Obviously, if you were to visit a dense forest, you would probably see a much greater number and kinds of living organisms in it. Each different kind of plant, animal or organism that you see, represents a species. The number of species that are known and described range between 1.7-1.8 million. This refers to biodiversity or the number and THE LIVING WORLD CHAPTER 1 1.1 Diversity in the Living World 1.2 Taxonomic Categories 4 types of organisms present on earth.","[APPLY] A plant may have different names in different regions of the country or
world. How do botanists solve this problem?","[APPLY] If you were to visit a dense forest, you would probably see a much greater number and kinds of living organisms in it. Justify your answer.",0.17777777777777778,0.125,0.14814814814814814,0.05647857271976961,0.1268511246614239,1.0
